from_airport,to_airport,airline,flight_number,status,departure_scheduled,arrival_scheduled
OSL,LPA,Norwegian,DY5707,,2026-02-21T10:45:00+00:00,2026-02-21T15:30:00+00:00
OSL,TRD,KLM,KL2888,scheduled,2026-02-21T20:20:00+00:00,2026-02-21T21:20:00+00:00
OSL,TOS,SAS,SK4432,scheduled,2026-02-21T21:35:00+00:00,2026-02-21T23:35:00+00:00
OSL,TOS,TAP Air Portugal,TP5558,scheduled,2026-02-21T21:35:00+00:00,2026-02-21T23:35:00+00:00
OSL,VNO,Ryanair,FR9154,scheduled,2026-02-21T21:10:00+00:00,2026-02-22T00:05:00+00:00
OSL,CPH,SAS,SK1475,scheduled,2026-02-21T21:05:00+00:00,2026-02-21T22:20:00+00:00
OSL,CPH,TAP Air Portugal,TP5544,scheduled,2026-02-21T21:05:00+00:00,2026-02-21T22:20:00+00:00
OSL,HEL,Finnair,AY918,scheduled,2026-02-21T20:50:00+00:00,2026-02-21T23:15:00+00:00
OSL,HEL,British Airways,BA6078,scheduled,2026-02-21T20:50:00+00:00,2026-02-21T23:15:00+00:00
OSL,BGO,SAS,SK291,scheduled,2026-02-21T20:45:00+00:00,2026-02-21T21:45:00+00:00
OSL,SVG,SAS,SK4047,scheduled,2026-02-21T20:20:00+00:00,2026-02-21T21:20:00+00:00
OSL,SVG,TAP Air Portugal,TP5554,scheduled,2026-02-21T20:20:00+00:00,2026-02-21T21:20:00+00:00
OSL,SVG,Air France,AF4886,scheduled,2026-02-21T20:20:00+00:00,2026-02-21T21:20:00+00:00
OSL,AES,SAS,SK1330,scheduled,2026-02-21T20:20:00+00:00,2026-02-21T21:25:00+00:00
OSL,AES,TAP Air Portugal,TP5545,scheduled,2026-02-21T20:20:00+00:00,2026-02-21T21:25:00+00:00
OSL,AES,KLM,KL8578,scheduled,2026-02-21T20:20:00+00:00,2026-02-21T21:25:00+00:00
OSL,AES,Etihad Airways,EY4021,scheduled,2026-02-21T20:20:00+00:00,2026-02-21T21:25:00+00:00
OSL,AES,Air France,AF4594,scheduled,2026-02-21T20:20:00+00:00,2026-02-21T21:25:00+00:00
OSL,TRD,SAS,SK370,scheduled,2026-02-21T20:20:00+00:00,2026-02-21T21:20:00+00:00
OSL,TRD,Etihad Airways,EY4047,scheduled,2026-02-21T20:20:00+00:00,2026-02-21T21:20:00+00:00
OSL,EVE,LOT - Polish Airlines,LO5479,scheduled,2026-02-21T19:00:00+00:00,2026-02-21T20:45:00+00:00
OSL,TRD,Avincis,,landed,2026-02-21T15:10:00+00:00,2026-02-21T15:58:00+00:00
OSL,LPA,SAS,SK4795,active,2026-02-21T19:40:00+00:00,2026-02-22T00:40:00+00:00
OSL,BGO,SAS,SK287,active,2026-02-21T19:20:00+00:00,2026-02-21T20:20:00+00:00
OSL,BGO,TAP Air Portugal,TP5532,active,2026-02-21T19:20:00+00:00,2026-02-21T20:20:00+00:00
OSL,EVE,KLM,KL8616,active,2026-02-21T19:00:00+00:00,2026-02-21T20:45:00+00:00
OSL,EVE,Air France,AF5158,active,2026-02-21T19:00:00+00:00,2026-02-21T20:45:00+00:00
OSL,TLV,Challenge Airlines BE,X7902,,2026-02-21T11:45:00+00:00,2026-02-21T17:10:00+00:00
OSL,TRD,TAP Air Portugal,TP5519,scheduled,2026-02-21T18:50:00+00:00,2026-02-21T19:50:00+00:00
OSL,TRD,Etihad Airways,EY4050,scheduled,2026-02-21T18:50:00+00:00,2026-02-21T19:50:00+00:00
OSL,TRD,Etihad Airways,EY4046,landed,2026-02-21T17:30:00+00:00,2026-02-21T18:30:00+00:00
OSL,LIS,SAS,SK8921,active,2026-02-21T18:45:00+00:00,2026-02-21T22:00:00+00:00
OSL,LIS,Azores Airlines,S48493,active,2026-02-21T18:45:00+00:00,2026-02-21T22:00:00+00:00
OSL,LIS,Icelandair,FI6433,active,2026-02-21T18:45:00+00:00,2026-02-21T22:00:00+00:00
OSL,ARN,RwandAir,WB1221,active,2026-02-21T18:45:00+00:00,2026-02-21T20:05:00+00:00
OSL,BGO,Air France,AF4910,active,2026-02-21T18:40:00+00:00,2026-02-21T19:40:00+00:00
OSL,EVE,SAS,SK4098,active,2026-02-21T19:00:00+00:00,2026-02-21T20:45:00+00:00
OSL,TRD,SAS,SK366,scheduled,2026-02-21T18:50:00+00:00,2026-02-21T19:50:00+00:00
OSL,LIS,TAP Air Portugal,TP765,active,2026-02-21T18:45:00+00:00,2026-02-21T22:00:00+00:00
OSL,ARN,Ethiopian Airlines,ET715,active,2026-02-21T18:45:00+00:00,2026-02-21T20:05:00+00:00
OSL,BGO,SAS,SK281,active,2026-02-21T18:40:00+00:00,2026-02-21T19:40:00+00:00
OSL,MUC,Lufthansa,LH2455,active,2026-02-21T18:25:00+00:00,2026-02-21T20:50:00+00:00
OSL,LHR,British Airways,BA773,active,2026-02-21T18:25:00+00:00,2026-02-21T19:55:00+00:00
OSL,IST,Turkish Airlines,TK1754,active,2026-02-21T18:15:00+00:00,2026-02-22T00:15:00+00:00
OSL,IST,Thai Airways International,TG9035,active,2026-02-21T18:15:00+00:00,2026-02-22T00:15:00+00:00
OSL,IST,Pakistan International Airlines,PK5754,active,2026-02-21T18:15:00+00:00,2026-02-22T00:15:00+00:00
OSL,IST,EgyptAir,MS9692,active,2026-02-21T18:15:00+00:00,2026-02-22T00:15:00+00:00
OSL,IST,Icelandair,FI7017,active,2026-02-21T18:15:00+00:00,2026-02-22T00:15:00+00:00
OSL,IST,IndiGo,6E4246,active,2026-02-21T18:15:00+00:00,2026-02-22T00:15:00+00:00
OSL,MAN,SAS,SK4607,active,2026-02-21T18:10:00+00:00,2026-02-21T19:30:00+00:00
OSL,MAN,Virgin Atlantic,VS5941,active,2026-02-21T18:10:00+00:00,2026-02-21T19:30:00+00:00
OSL,ARN,SAS,SK488,active,2026-02-21T18:10:00+00:00,2026-02-21T19:15:00+00:00
OSL,LPA,SAS,SK,landed,2026-02-21T10:05:00+00:00,2026-02-21T14:46:00+00:00
OSL,TRD,KLM,KL2886,landed,2026-02-21T17:30:00+00:00,2026-02-21T18:30:00+00:00
OSL,TRD,Etihad Airways,EY4044,landed,2026-02-21T17:30:00+00:00,2026-02-21T18:30:00+00:00
OSL,TRD,Air France,AF4934,scheduled,2026-02-21T18:50:00+00:00,2026-02-21T19:50:00+00:00
OSL,HEL,Qatar Airways,QR6194,active,2026-02-21T17:20:00+00:00,2026-02-21T19:45:00+00:00
OSL,CDG,Air Austral,UU8775,active,2026-02-21T17:20:00+00:00,2026-02-21T19:50:00+00:00
OSL,CDG,SAS,SK9878,active,2026-02-21T17:20:00+00:00,2026-02-21T19:50:00+00:00
OSL,TRD,SAS,SK358,landed,2026-02-21T17:30:00+00:00,2026-02-21T18:30:00+00:00
OSL,VRN,Norwegian,DY,active,2026-02-21T17:20:00+00:00,2026-02-21T19:50:00+00:00
OSL,PRN,Norwegian,DY1908,active,2026-02-21T17:20:00+00:00,2026-02-21T20:35:00+00:00
OSL,HEL,Finnair,AY916,active,2026-02-21T17:20:00+00:00,2026-02-21T19:45:00+00:00
OSL,CDG,Air France,AF1775,active,2026-02-21T17:20:00+00:00,2026-02-21T19:50:00+00:00
OSL,CDG,China Eastern Airlines,MU1688,active,2026-02-21T17:20:00+00:00,2026-02-21T19:50:00+00:00
OSL,CDG,Air Mauritius,MK9653,active,2026-02-21T17:20:00+00:00,2026-02-21T19:50:00+00:00
OSL,CDG,Kenya Airways,KQ3975,active,2026-02-21T17:20:00+00:00,2026-02-21T19:50:00+00:00
OSL,CDG,Aeromexico,AM5784,active,2026-02-21T17:20:00+00:00,2026-02-21T19:50:00+00:00
OSL,ALF,SAS,SK4546,active,2026-02-21T17:15:00+00:00,2026-02-21T19:15:00+00:00
OSL,ALF,KLM,KL8622,active,2026-02-21T17:15:00+00:00,2026-02-21T19:15:00+00:00
OSL,ALF,Air France,AF3841,active,2026-02-21T17:15:00+00:00,2026-02-21T19:15:00+00:00
OSL,CPH,SAS,SK1465,active,2026-02-21T17:10:00+00:00,2026-02-21T18:25:00+00:00
OSL,SVG,Air France,AF4930,landed,2026-02-21T16:55:00+00:00,2026-02-21T17:55:00+00:00
OSL,SOG,Wideroe,WF145,landed,2026-02-21T10:25:00+00:00,2026-02-21T11:20:00+00:00
OSL,LHR,SAS,SK815,active,2026-02-21T17:05:00+00:00,2026-02-21T18:30:00+00:00
OSL,LHR,Virgin Atlantic,VS5937,active,2026-02-21T17:05:00+00:00,2026-02-21T18:30:00+00:00
OSL,LHR,Singapore Airlines,SQ2665,active,2026-02-21T17:05:00+00:00,2026-02-21T18:30:00+00:00
OSL,LHR,El Al,LY9798,active,2026-02-21T17:05:00+00:00,2026-02-21T18:30:00+00:00
OSL,LHR,Etihad Airways,EY4040,active,2026-02-21T17:05:00+00:00,2026-02-21T18:30:00+00:00
OSL,LHR,Aeromexico,AM7836,active,2026-02-21T17:05:00+00:00,2026-02-21T18:30:00+00:00
OSL,AMS,KLM,KL1204,active,2026-02-21T17:00:00+00:00,2026-02-21T18:55:00+00:00
OSL,AMS,IndiGo,6E3370,active,2026-02-21T17:00:00+00:00,2026-02-21T18:55:00+00:00
OSL,AMS,SAS,SK6686,active,2026-02-21T17:00:00+00:00,2026-02-21T18:55:00+00:00
OSL,AMS,Malaysia Airlines,MH5670,active,2026-02-21T17:00:00+00:00,2026-02-21T18:55:00+00:00
OSL,AMS,Xiamen Airlines,MF9709,active,2026-02-21T17:00:00+00:00,2026-02-21T18:55:00+00:00
OSL,AMS,Korean Air,KE6434,active,2026-02-21T17:00:00+00:00,2026-02-21T18:55:00+00:00
OSL,AMS,Garuda Indonesia,GA9495,active,2026-02-21T17:00:00+00:00,2026-02-21T18:55:00+00:00
OSL,AMS,Aeromexico,AM6431,active,2026-02-21T17:00:00+00:00,2026-02-21T18:55:00+00:00
OSL,BEG,Norwegian,DY1954,active,2026-02-21T17:00:00+00:00,2026-02-21T19:45:00+00:00
OSL,GDN,Wizz Air,W61784,active,2026-02-21T16:55:00+00:00,2026-02-21T18:30:00+00:00
OSL,SVG,SAS,SK4043,active,2026-02-21T16:55:00+00:00,2026-02-21T17:55:00+00:00
OSL,SVG,Air France,AF4928,active,2026-02-21T16:55:00+00:00,2026-02-21T17:55:00+00:00
OSL,CDG,SAS,SK839,cancelled,2026-02-21T16:50:00+00:00,2026-02-21T19:20:00+00:00
OSL,CDG,Singapore Airlines,SQ2647,cancelled,2026-02-21T16:50:00+00:00,2026-02-21T19:20:00+00:00
OSL,CDG,El Al,LY9790,cancelled,2026-02-21T16:50:00+00:00,2026-02-21T19:20:00+00:00
OSL,CDG,Aeromexico,AM7809,cancelled,2026-02-21T16:50:00+00:00,2026-02-21T19:20:00+00:00
OSL,CDG,Air France,AF4919,cancelled,2026-02-21T16:50:00+00:00,2026-02-21T19:20:00+00:00
OSL,BGO,SAS,SK277,active,2026-02-21T16:50:00+00:00,2026-02-21T17:50:00+00:00
OSL,BGO,Air France,AF4567,active,2026-02-21T16:50:00+00:00,2026-02-21T17:50:00+00:00
OSL,HOV,Wideroe,WF158,landed,2026-02-21T16:40:00+00:00,2026-02-21T17:50:00+00:00
BGO,GDN,Wizz Air,W61758,scheduled,2026-02-21T21:45:00+00:00,2026-02-21T23:35:00+00:00
BGO,SVG,Wideroe,WF535,active,2026-02-21T14:40:00+00:00,2026-02-21T15:20:00+00:00
BGO,OSL,SAS,SK286,scheduled,2026-02-21T20:15:00+00:00,2026-02-21T21:10:00+00:00
BGO,CPH,KLM,KL8569,active,2026-02-21T19:35:00+00:00,2026-02-21T20:55:00+00:00
BGO,OSL,Air Baltic,BT6126,active,2026-02-21T18:25:00+00:00,2026-02-21T19:20:00+00:00
BGO,CPH,Cityjet,WX2869,active,2026-02-21T19:35:00+00:00,2026-02-21T20:55:00+00:00
BGO,HEL,Finnair,AY924,active,2026-02-21T18:50:00+00:00,2026-02-21T22:20:00+00:00
BGO,OSL,SAS,SK284,active,2026-02-21T18:25:00+00:00,2026-02-21T19:20:00+00:00
BGO,TRD,Wideroe,WF674,landed,2026-02-21T11:00:00+00:00,2026-02-21T12:10:00+00:00
BGO,TRD,Wideroe,WF,,2026-02-21T11:00:00+00:00,2026-02-21T12:10:00+00:00
BGO,CPH,TAP Air Portugal,TP5557,active,2026-02-21T14:50:00+00:00,2026-02-21T16:10:00+00:00
BGO,TOS,Wideroe,WF628,active,2026-02-21T17:50:00+00:00,2026-02-21T20:15:00+00:00
BGO,TOS,KLM,KL2802,active,2026-02-21T17:50:00+00:00,2026-02-21T20:15:00+00:00
BGO,TOS,Finnair,AY2745,active,2026-02-21T17:50:00+00:00,2026-02-21T20:15:00+00:00
BGO,SVG,Wideroe,WF541,active,2026-02-21T17:50:00+00:00,2026-02-21T18:30:00+00:00
BGO,AMS,KLM,KL1170,active,2026-02-21T17:40:00+00:00,2026-02-21T19:30:00+00:00
BGO,AGP,Norwegian,DY1752,active,2026-02-21T15:25:00+00:00,2026-02-21T19:25:00+00:00
BGO,OSL,SAS,SK272,landed,2026-02-21T15:15:00+00:00,2026-02-21T16:10:00+00:00
BGO,OSL,TAP Air Portugal,TP5559,landed,2026-02-21T15:15:00+00:00,2026-02-21T16:10:00+00:00
BGO,OSL,Air France,AF4552,landed,2026-02-21T15:15:00+00:00,2026-02-21T16:10:00+00:00
BGO,TRD,Wideroe,WF1313,landed,2026-02-21T15:10:00+00:00,2026-02-21T16:20:00+00:00
BGO,TRD,Lufthansa,LH9082,landed,2026-02-21T15:10:00+00:00,2026-02-21T16:20:00+00:00
BGO,TRD,KLM,KL2766,landed,2026-02-21T15:10:00+00:00,2026-02-21T16:20:00+00:00
BGO,AES,Wideroe,WF456,active,2026-02-21T15:00:00+00:00,2026-02-21T15:50:00+00:00
BGO,AES,Air France,AF5547,active,2026-02-21T15:00:00+00:00,2026-02-21T15:50:00+00:00
BGO,AES,Lufthansa,LH9106,active,2026-02-21T15:00:00+00:00,2026-02-21T15:50:00+00:00
BGO,AES,KLM,KL2796,active,2026-02-21T15:00:00+00:00,2026-02-21T15:50:00+00:00
BGO,TRF,Wideroe,WF419,landed,2026-02-21T15:00:00+00:00,2026-02-21T15:55:00+00:00
BGO,TRF,Lufthansa,LH9078,landed,2026-02-21T15:00:00+00:00,2026-02-21T15:55:00+00:00
BGO,TRF,KLM,KL2810,landed,2026-02-21T15:00:00+00:00,2026-02-21T15:55:00+00:00
BGO,KRS,Wideroe,WF589,landed,2026-02-21T15:00:00+00:00,2026-02-21T15:55:00+00:00
BGO,KRS,Air France,AF4537,landed,2026-02-21T15:00:00+00:00,2026-02-21T15:55:00+00:00
BGO,KRS,Lufthansa,LH9146,landed,2026-02-21T15:00:00+00:00,2026-02-21T15:55:00+00:00
BGO,KRS,KLM,KL2794,landed,2026-02-21T15:00:00+00:00,2026-02-21T15:55:00+00:00
BGO,KRS,Finnair,AY2909,landed,2026-02-21T15:00:00+00:00,2026-02-21T15:55:00+00:00
BGO,CPH,SAS,SK2875,active,2026-02-21T14:50:00+00:00,2026-02-21T16:10:00+00:00
BGO,CPH,KLM,KL8579,active,2026-02-21T14:50:00+00:00,2026-02-21T16:10:00+00:00
BGO,CPH,Air France,AF4547,active,2026-02-21T14:50:00+00:00,2026-02-21T16:10:00+00:00
BGO,SVG,Wideroe,WF535,landed,2026-02-21T14:40:00+00:00,2026-02-21T15:20:00+00:00
BGO,SVG,Lufthansa,LH9142,active,2026-02-21T14:40:00+00:00,2026-02-21T15:20:00+00:00
BGO,AMS,KLM,KL1168,active,2026-02-21T14:20:00+00:00,2026-02-21T16:05:00+00:00
BGO,AMS,Kenya Airways,KQ1190,active,2026-02-21T14:20:00+00:00,2026-02-21T16:05:00+00:00
BGO,AMS,Delta Air Lines,DL9465,active,2026-02-21T14:20:00+00:00,2026-02-21T16:05:00+00:00
BGO,HOV,Wideroe,WF170,landed,2026-02-21T13:50:00+00:00,2026-02-21T14:40:00+00:00
BGO,OSL,SAS,SK268,landed,2026-02-21T13:45:00+00:00,2026-02-21T14:40:00+00:00
BGO,OSL,Air France,AF4551,active,2026-02-21T13:45:00+00:00,2026-02-21T14:40:00+00:00
BGO,FRA,Lufthansa,LH873,active,2026-02-21T13:05:00+00:00,2026-02-21T15:10:00+00:00
BGO,FRA,United Airlines,UA9130,active,2026-02-21T13:05:00+00:00,2026-02-21T15:10:00+00:00
BGO,FRA,Alitalia,AZ4707,active,2026-02-21T13:05:00+00:00,2026-02-21T15:10:00+00:00
BGO,FRA,Air Canada,AC9675,active,2026-02-21T13:05:00+00:00,2026-02-21T15:10:00+00:00
BGO,LPA,Norwegian,DY,active,2026-02-21T12:50:00+00:00,2026-02-21T17:06:00+00:00
BGO,LPA,Norwegian,DY1788,active,2026-02-21T12:25:00+00:00,2026-02-21T16:55:00+00:00
BGO,OSL,SAS,SK262,landed,2026-02-21T11:55:00+00:00,2026-02-21T12:50:00+00:00
BGO,TFS,Norwegian,DY1714,active,2026-02-21T11:35:00+00:00,2026-02-21T16:10:00+00:00
BGO,SVG,Avincis,,active,2026-02-21T11:20:00+00:00,2026-02-21T11:58:00+00:00
BGO,BLQ,SmartWings,QS4443,landed,2026-02-21T11:00:00+00:00,2026-02-21T13:17:00+00:00
BGO,TRD,Wideroe,WF674,active,2026-02-21T11:00:00+00:00,2026-02-21T12:10:00+00:00
BGO,TOS,Wideroe,WF624,landed,2026-02-21T11:00:00+00:00,2026-02-21T13:05:00+00:00
BGO,TOS,Finnair,AY2741,landed,2026-02-21T11:00:00+00:00,2026-02-21T13:05:00+00:00
BGO,KRS,Wideroe,WF587,landed,2026-02-21T10:55:00+00:00,2026-02-21T11:50:00+00:00
BGO,KRS,Finnair,AY2663,landed,2026-02-21T10:55:00+00:00,2026-02-21T11:50:00+00:00
BGO,TRF,Wideroe,WF411,landed,2026-02-21T10:55:00+00:00,2026-02-21T11:50:00+00:00
BGO,TRF,Finnair,AY2691,landed,2026-02-21T10:55:00+00:00,2026-02-21T11:50:00+00:00
BGO,MUC,Wideroe,WF1868,landed,2026-02-21T10:50:00+00:00,2026-02-21T13:15:00+00:00
BGO,MUC,Lufthansa,LH9121,landed,2026-02-21T10:50:00+00:00,2026-02-21T13:15:00+00:00
BGO,KSU,Wideroe,WF568,landed,2026-02-21T10:50:00+00:00,2026-02-21T11:50:00+00:00
BGO,SVG,Wideroe,WF527,landed,2026-02-21T10:50:00+00:00,2026-02-21T11:30:00+00:00
BGO,SVG,Finnair,AY2678,landed,2026-02-21T10:50:00+00:00,2026-02-21T11:30:00+00:00
BGO,SVG,Lufthansa,LH9140,landed,2026-02-21T10:50:00+00:00,2026-02-21T11:30:00+00:00
BGO,AMS,KLM,KL1164,landed,2026-02-21T10:50:00+00:00,2026-02-21T12:35:00+00:00
BGO,AMS,Saudia,SV6136,landed,2026-02-21T10:50:00+00:00,2026-02-21T12:35:00+00:00
BGO,AMS,Kenya Airways,KQ1186,landed,2026-02-21T10:50:00+00:00,2026-02-21T12:35:00+00:00
BGO,AMS,Delta Air Lines,DL9466,landed,2026-02-21T10:50:00+00:00,2026-02-21T12:35:00+00:00
BGO,HAM,Wideroe,WF1858,landed,2026-02-21T10:35:00+00:00,2026-02-21T12:25:00+00:00
BGO,SOG,Wideroe,WF153,active,2026-02-21T10:35:00+00:00,2026-02-21T11:15:00+00:00
BGO,ABZ,Wideroe,WF394,landed,2026-02-21T10:25:00+00:00,2026-02-21T10:50:00+00:00
BGO,OSL,SAS,SK260,landed,2026-02-21T10:20:00+00:00,2026-02-21T11:15:00+00:00
BGO,OSL,TAP Air Portugal,TP5561,active,2026-02-21T10:20:00+00:00,2026-02-21T11:15:00+00:00
BGO,OSL,Air Baltic,BT6156,active,2026-02-21T10:20:00+00:00,2026-02-21T11:15:00+00:00
BGO,LPA,SAS,SK7365,landed,2026-02-21T07:50:00+00:00,2026-02-21T12:17:00+00:00
BGO,CPH,SAS,SK2865,landed,2026-02-21T10:05:00+00:00,2026-02-21T11:25:00+00:00
BGO,CPH,Air Baltic,BT6154,active,2026-02-21T10:05:00+00:00,2026-02-21T11:25:00+00:00
BGO,CPH,Air Europa,UX3259,landed,2026-02-21T10:05:00+00:00,2026-02-21T11:25:00+00:00
BGO,CPH,TAP Air Portugal,TP5555,landed,2026-02-21T10:05:00+00:00,2026-02-21T11:25:00+00:00
BGO,CPH,KLM,KL8567,landed,2026-02-21T10:05:00+00:00,2026-02-21T11:25:00+00:00
BGO,CPH,Air France,AF4545,landed,2026-02-21T10:05:00+00:00,2026-02-21T11:25:00+00:00
BGO,CPH,Aegean Airlines,A33303,landed,2026-02-21T10:05:00+00:00,2026-02-21T11:25:00+00:00
BGO,OSL,Norwegian,DY611,landed,2026-02-21T09:20:00+00:00,2026-02-21T10:10:00+00:00
BGO,OSL,SAS,SK252,cancelled,2026-02-21T08:30:00+00:00,2026-02-21T09:25:00+00:00
BGO,OSL,Norwegian,DY609,landed,2026-02-21T08:30:00+00:00,2026-02-21T09:25:00+00:00
BGO,EVE,NetJets Aviation,1I,landed,2026-02-21T08:00:00+00:00,2026-02-21T09:42:00+00:00
BGO,LPA,Sunclass Airlines,DK1522,landed,2026-02-21T08:00:00+00:00,2026-02-21T12:35:00+00:00
BGO,OSL,SAS,SK238,landed,2026-02-21T07:00:00+00:00,2026-02-21T08:00:00+00:00
BGO,OSL,Air France,AF4550,landed,2026-02-21T07:00:00+00:00,2026-02-21T08:00:00+00:00
BGO,LGW,Norwegian,DY1314,landed,2026-02-21T07:00:00+00:00,2026-02-21T08:00:00+00:00
BGO,ALC,Norwegian,DY1830,landed,2026-02-21T06:20:00+00:00,2026-02-21T10:00:00+00:00
BGO,AMS,KLM,KL1162,landed,2026-02-21T06:00:00+00:00,2026-02-21T07:40:00+00:00
BGO,AMS,Kenya Airways,KQ1184,landed,2026-02-21T06:00:00+00:00,2026-02-21T07:40:00+00:00
BGO,AMS,Gol,G35682,landed,2026-02-21T06:00:00+00:00,2026-02-21T07:40:00+00:00
BGO,AMS,Delta Air Lines,DL9335,landed,2026-02-21T06:00:00+00:00,2026-02-21T07:40:00+00:00
SVG,GDN,Wizz Air,W61756,scheduled,2026-02-21T21:30:00+00:00,2026-02-21T23:10:00+00:00
SVG,AMS,KLM,KL1178,active,2026-02-21T14:25:00+00:00,2026-02-21T16:00:00+00:00
SVG,FRA,DHL Air,D0467,active,2026-02-21T19:05:00+00:00,2026-02-21T21:05:00+00:00
SVG,CPH,SAS,SK1879,scheduled,2026-02-21T19:30:00+00:00,2026-02-21T20:40:00+00:00
SVG,CPH,KLM,KL8603,active,2026-02-21T19:30:00+00:00,2026-02-21T20:40:00+00:00
SVG,OSL,SAS,SK4042,active,2026-02-21T18:30:00+00:00,2026-02-21T19:25:00+00:00
SVG,AMS,KLM,KL1182,active,2026-02-21T17:20:00+00:00,2026-02-21T18:55:00+00:00
SVG,BGO,Wideroe,WF536,landed,2026-02-21T15:45:00+00:00,2026-02-21T16:25:00+00:00
SVG,BGO,Lufthansa,LH9143,landed,2026-02-21T15:45:00+00:00,2026-02-21T16:25:00+00:00
SVG,BGO,Finnair,AY2706,landed,2026-02-21T15:45:00+00:00,2026-02-21T16:25:00+00:00
SVG,ALC,Norwegian,DY1834,active,2026-02-21T15:30:00+00:00,2026-02-21T18:55:00+00:00
SVG,OSL,SAS,SK4024,landed,2026-02-21T15:10:00+00:00,2026-02-21T16:05:00+00:00
SVG,OSL,TAP Air Portugal,TP5572,landed,2026-02-21T15:10:00+00:00,2026-02-21T16:05:00+00:00
SVG,OSL,Air France,AF4949,landed,2026-02-21T15:10:00+00:00,2026-02-21T16:05:00+00:00
SVG,CPH,SAS,SK1869,landed,2026-02-21T14:55:00+00:00,2026-02-21T16:05:00+00:00
SVG,CPH,KLM,KL8585,landed,2026-02-21T14:55:00+00:00,2026-02-21T16:05:00+00:00
SVG,CPH,Air France,AF4945,landed,2026-02-21T14:55:00+00:00,2026-02-21T16:05:00+00:00
SVG,RKE,FlexFlight,W2,active,2026-02-21T14:45:00+00:00,2026-02-21T15:57:00+00:00
SVG,AMS,KLM,KL1178,scheduled,2026-02-21T14:25:00+00:00,2026-02-21T16:00:00+00:00
SVG,AMS,Malaysia Airlines,MH5704,active,2026-02-21T14:25:00+00:00,2026-02-21T16:00:00+00:00
SVG,AMS,Kenya Airways,KQ1202,active,2026-02-21T14:25:00+00:00,2026-02-21T16:00:00+00:00
SVG,AMS,Delta Air Lines,DL9697,active,2026-02-21T14:25:00+00:00,2026-02-21T16:00:00+00:00
SVG,AMS,Air France,AF8306,active,2026-02-21T14:25:00+00:00,2026-02-21T16:00:00+00:00
SVG,FRA,Lufthansa,LH869,active,2026-02-21T13:30:00+00:00,2026-02-21T15:25:00+00:00
SVG,FRA,Alitalia,AZ4857,active,2026-02-21T13:30:00+00:00,2026-02-21T15:25:00+00:00
SVG,FRA,Air Canada,AC9691,active,2026-02-21T13:30:00+00:00,2026-02-21T15:25:00+00:00
SVG,LPA,SAS,SK7527,landed,2026-02-21T10:50:00+00:00,2026-02-21T15:10:00+00:00
SVG,LPA,Norwegian,DY1836,landed,2026-02-21T12:55:00+00:00,2026-02-21T17:15:00+00:00
SVG,BGO,Wideroe,WF532,landed,2026-02-21T12:35:00+00:00,2026-02-21T13:15:00+00:00
SVG,OSL,Avincis,,landed,2026-02-21T12:15:00+00:00,2026-02-21T13:08:00+00:00
SVG,OSL,SAS,SK4022,,2026-02-21T12:10:00+00:00,2026-02-21T13:05:00+00:00
SVG,AMS,KLM,KL1176,active,2026-02-21T11:55:00+00:00,2026-02-21T13:30:00+00:00
SVG,AMS,Kenya Airways,KQ1200,active,2026-02-21T11:55:00+00:00,2026-02-21T13:30:00+00:00
SVG,AMS,Delta Air Lines,DL9603,active,2026-02-21T11:55:00+00:00,2026-02-21T13:30:00+00:00
SVG,LPA,SAS,SK7409,landed,2026-02-21T09:40:00+00:00,2026-02-21T13:58:00+00:00
SVG,CPH,Cityjet,WX1875,landed,2026-02-21T10:25:00+00:00,2026-02-21T11:35:00+00:00
SVG,CPH,Air Baltic,BT6194,active,2026-02-21T10:25:00+00:00,2026-02-21T11:35:00+00:00
SVG,CPH,Air Europa,UX3289,landed,2026-02-21T10:25:00+00:00,2026-02-21T11:35:00+00:00
SVG,CPH,TAP Air Portugal,TP5568,landed,2026-02-21T10:25:00+00:00,2026-02-21T11:35:00+00:00
SVG,CPH,KLM,KL8599,landed,2026-02-21T10:25:00+00:00,2026-02-21T11:35:00+00:00
SVG,CPH,Air France,AF4946,landed,2026-02-21T10:25:00+00:00,2026-02-21T11:35:00+00:00
SVG,OSL,Norwegian,DY527,landed,2026-02-21T10:20:00+00:00,2026-02-21T11:10:00+00:00
SVG,AMS,KLM,KL1174,landed,2026-02-21T09:55:00+00:00,2026-02-21T11:30:00+00:00
SVG,AMS,Kenya Airways,KQ1198,landed,2026-02-21T09:55:00+00:00,2026-02-21T11:30:00+00:00
SVG,AMS,Delta Air Lines,DL9249,landed,2026-02-21T09:55:00+00:00,2026-02-21T11:30:00+00:00
SVG,AMS,Air France,AF8235,landed,2026-02-21T09:55:00+00:00,2026-02-21T11:30:00+00:00
SVG,BGO,Wideroe,WF524,landed,2026-02-21T09:00:00+00:00,2026-02-21T09:40:00+00:00
SVG,BGO,Air France,AF4536,landed,2026-02-21T09:00:00+00:00,2026-02-21T09:40:00+00:00
SVG,BGO,Lufthansa,LH9139,landed,2026-02-21T09:00:00+00:00,2026-02-21T09:40:00+00:00
SVG,OSL,SAS,SK4016,landed,2026-02-21T08:30:00+00:00,2026-02-21T09:25:00+00:00
SVG,OSL,TAP Air Portugal,TP5574,active,2026-02-21T08:30:00+00:00,2026-02-21T09:25:00+00:00
SVG,OSL,Air Baltic,BT6162,active,2026-02-21T08:30:00+00:00,2026-02-21T09:25:00+00:00
SVG,LPA,Norwegian,DY,landed,2026-02-21T07:25:00+00:00,2026-02-21T11:23:00+00:00
SVG,OSL,SAS,SK4006,landed,2026-02-21T07:00:00+00:00,2026-02-21T08:00:00+00:00
SVG,OSL,Air France,AF4950,landed,2026-02-21T07:00:00+00:00,2026-02-21T08:00:00+00:00
SVG,TFS,Norwegian,DY1758,landed,2026-02-21T07:00:00+00:00,2026-02-21T11:20:00+00:00
SVG,AGP,Norwegian,DY1764,landed,2026-02-21T06:30:00+00:00,2026-02-21T10:10:00+00:00
SVG,CPH,SAS,SK1873,cancelled,2026-02-21T06:25:00+00:00,2026-02-21T07:45:00+00:00
SVG,CPH,Vietnam Airlines,VN2203,cancelled,2026-02-21T06:25:00+00:00,2026-02-21T07:45:00+00:00
SVG,CPH,KLM,KL8601,cancelled,2026-02-21T06:25:00+00:00,2026-02-21T07:45:00+00:00
SVG,CPH,Etihad Airways,EY4098,cancelled,2026-02-21T06:25:00+00:00,2026-02-21T07:45:00+00:00
SVG,CPH,Air France,AF3838,cancelled,2026-02-21T06:25:00+00:00,2026-02-21T07:45:00+00:00
SVG,FRA,Lufthansa,LH871,landed,2026-02-21T06:15:00+00:00,2026-02-21T08:15:00+00:00
SVG,FRA,Air Canada,AC9709,landed,2026-02-21T06:15:00+00:00,2026-02-21T08:15:00+00:00
SVG,CPH,SAS,SK1871,landed,2026-02-21T06:00:00+00:00,2026-02-21T07:15:00+00:00
SVG,CPH,Singapore Airlines,SQ2655,cancelled,2026-02-21T06:25:00+00:00,2026-02-21T07:45:00+00:00
SVG,CPH,Vietnam Airlines,VN2227,landed,2026-02-21T06:00:00+00:00,2026-02-21T07:15:00+00:00
SVG,CPH,KLM,KL8587,landed,2026-02-21T06:00:00+00:00,2026-02-21T07:15:00+00:00
SVG,CPH,Etihad Airways,EY4061,landed,2026-02-21T06:00:00+00:00,2026-02-21T07:15:00+00:00
SVG,CPH,Air Baltic,BT6136,landed,2026-02-21T06:00:00+00:00,2026-02-21T07:15:00+00:00
SVG,CPH,Air France,AF4944,landed,2026-02-21T06:00:00+00:00,2026-02-21T07:15:00+00:00
SVG,AMS,KLM,KL1172,landed,2026-02-21T06:00:00+00:00,2026-02-21T07:35:00+00:00
SVG,AMS,Kenya Airways,KQ1196,landed,2026-02-21T06:00:00+00:00,2026-02-21T07:35:00+00:00
SVG,AMS,Gol,G35609,landed,2026-02-21T06:00:00+00:00,2026-02-21T07:35:00+00:00
SVG,AMS,Delta Air Lines,DL9686,landed,2026-02-21T06:00:00+00:00,2026-02-21T07:35:00+00:00
SVG,BGO,Wideroe,WF546,landed,2026-02-20T21:40:00+00:00,2026-02-20T22:20:00+00:00
SVG,CPH,Compass Air Cargo,HQ3163,landed,2026-02-20T20:20:00+00:00,2026-02-20T21:35:00+00:00
SVG,RMS,empty,,active,2026-02-20T21:20:00+00:00,2026-02-20T23:12:00+00:00
SVG,CPH,Compass Air Cargo,HQ,scheduled,2026-02-20T20:20:00+00:00,2026-02-20T21:35:00+00:00
SVG,BGO,Wideroe,WF546,landed,2026-02-20T21:40:00+00:00,2026-02-20T22:20:00+00:00
SVG,GDN,Wizz Air,W61756,landed,2026-02-20T21:30:00+00:00,2026-02-20T23:10:00+00:00
SVG,TRD,SAS,SK4484,landed,2026-02-20T20:35:00+00:00,2026-02-20T21:50:00+00:00
SVG,TRF,Wideroe,WF447,landed,2026-02-20T20:00:00+00:00,2026-02-20T20:50:00+00:00
SVG,CPH,SAS,SK1879,landed,2026-02-20T19:30:00+00:00,2026-02-20T20:40:00+00:00
SVG,BGO,SAS,SK4194,cancelled,2026-02-20T19:20:00+00:00,2026-02-20T20:00:00+00:00
SVG,BGO,Wideroe,WF542,landed,2026-02-20T19:10:00+00:00,2026-02-20T19:50:00+00:00
SVG,OSL,SAS,SK4042,landed,2026-02-20T19:10:00+00:00,2026-02-20T20:05:00+00:00
SVG,OSL,Norwegian,DY545,landed,2026-02-20T18:25:00+00:00,2026-02-20T19:20:00+00:00
SVG,MAN,Norwegian,DY1326,scheduled,2026-02-20T18:10:00+00:00,2026-02-20T18:45:00+00:00
SVG,ABZ,SAS,SK4615,landed,2026-02-20T18:05:00+00:00,2026-02-20T18:15:00+00:00
SVG,TRF,Wideroe,WF445,landed,2026-02-20T17:55:00+00:00,2026-02-20T18:45:00+00:00
SVG,TRF,KLM,KL2812,landed,2026-02-20T17:55:00+00:00,2026-02-20T18:45:00+00:00
SVG,OSL,Norwegian,DY543,landed,2026-02-20T17:40:00+00:00,2026-02-20T18:35:00+00:00
SVG,OSL,SAS,SK4040,landed,2026-02-20T17:30:00+00:00,2026-02-20T18:25:00+00:00
SVG,OSL,Air Baltic,BT6140,landed,2026-02-20T17:30:00+00:00,2026-02-20T18:25:00+00:00
SVG,AMS,KLM,KL1182,landed,2026-02-20T17:20:00+00:00,2026-02-20T18:55:00+00:00
SVG,BGO,Wideroe,WF538,landed,2026-02-20T16:55:00+00:00,2026-02-20T17:35:00+00:00
SVG,BGO,Finnair,AY2693,landed,2026-02-20T16:55:00+00:00,2026-02-20T17:35:00+00:00
SVG,BGO,SAS,SK4184,cancelled,2026-02-20T16:50:00+00:00,2026-02-20T17:30:00+00:00
SVG,TRD,SAS,SK4482,landed,2026-02-20T16:45:00+00:00,2026-02-20T18:00:00+00:00
TRD,CPH,Cityjet,WX2883,active,2026-02-21T19:45:00+00:00,2026-02-21T21:20:00+00:00
TRD,OSL,Avincis,,active,2026-02-21T18:15:00+00:00,2026-02-21T19:19:00+00:00
TRD,SSJ,Wideroe,WF726,active,2026-02-21T13:00:00+00:00,2026-02-21T13:55:00+00:00
TRD,CPH,SAS,SK2883,scheduled,2026-02-21T19:45:00+00:00,2026-02-21T21:20:00+00:00
TRD,BGO,Wideroe,WF675,active,2026-02-21T12:40:00+00:00,2026-02-21T13:50:00+00:00
TRD,OSL,Norwegian,DY773,active,2026-02-21T19:10:00+00:00,2026-02-21T20:05:00+00:00
TRD,OSL,SAS,SK373,active,2026-02-21T19:05:00+00:00,2026-02-21T20:05:00+00:00
TRD,AMS,KLM,KL1154,active,2026-02-21T17:15:00+00:00,2026-02-21T19:35:00+00:00
TRD,AMS,Gol,G35688,active,2026-02-21T17:15:00+00:00,2026-02-21T19:35:00+00:00
TRD,AMS,Air France,AF8340,active,2026-02-21T17:15:00+00:00,2026-02-21T19:35:00+00:00
TRD,BOO,Wideroe,WF1313,landed,2026-02-21T16:50:00+00:00,2026-02-21T17:55:00+00:00
TRD,BOO,KLM,KL2766,landed,2026-02-21T16:50:00+00:00,2026-02-21T17:55:00+00:00
TRD,OSL,SAS,SK365,active,2026-02-21T16:40:00+00:00,2026-02-21T17:40:00+00:00
TRD,OSL,TAP Air Portugal,TP5586,active,2026-02-21T16:40:00+00:00,2026-02-21T17:40:00+00:00
TRD,OSL,SAS,SK361,active,2026-02-21T15:25:00+00:00,2026-02-21T16:25:00+00:00
TRD,OSL,Air France,AF5162,active,2026-02-21T15:25:00+00:00,2026-02-21T16:25:00+00:00
TRD,CPH,SAS,SK2881,active,2026-02-21T15:05:00+00:00,2026-02-21T16:40:00+00:00
TRD,CPH,Air Baltic,BT6220,active,2026-02-21T15:05:00+00:00,2026-02-21T16:40:00+00:00
TRD,CPH,Air France,AF5150,active,2026-02-21T15:05:00+00:00,2026-02-21T16:40:00+00:00
TRD,LPA,Sunclass Airlines,DK1514,active,2026-02-21T14:55:00+00:00,2026-02-21T20:00:00+00:00
TRD,OSL,Norwegian,DY761,active,2026-02-21T13:40:00+00:00,2026-02-21T14:35:00+00:00
TRD,OSL,SAS,SK355,active,2026-02-21T13:30:00+00:00,2026-02-21T14:30:00+00:00
TRD,OSL,Air Baltic,BT6144,active,2026-02-21T13:30:00+00:00,2026-02-21T14:30:00+00:00
TRD,OSL,Air France,AF4913,active,2026-02-21T13:30:00+00:00,2026-02-21T14:30:00+00:00
TRD,OSL,Etihad Airways,EY4068,active,2026-02-21T13:30:00+00:00,2026-02-21T14:30:00+00:00
TRD,OSL,Air France,AF4908,active,2026-02-21T13:30:00+00:00,2026-02-21T14:30:00+00:00
TRD,AES,Avincis,,active,2026-02-21T13:00:00+00:00,2026-02-21T13:53:00+00:00
TRD,SSJ,Wideroe,WF726,scheduled,2026-02-21T13:00:00+00:00,2026-02-21T13:55:00+00:00
TRD,BNN,Wideroe,WF706,active,2026-02-21T12:45:00+00:00,2026-02-21T13:35:00+00:00
TRD,BGO,Wideroe,WF675,active,2026-02-21T12:40:00+00:00,2026-02-21T13:50:00+00:00
TRD,CPH,Jettime,JP2889,landed,2026-02-21T10:20:00+00:00,2026-02-21T11:55:00+00:00
TRD,TRF,Wideroe,WF483,landed,2026-02-21T12:05:00+00:00,2026-02-21T13:15:00+00:00
TRD,OSL,SAS,SK351,cancelled,2026-02-21T11:55:00+00:00,2026-02-21T12:55:00+00:00
TRD,OSL,TAP Air Portugal,TP5588,cancelled,2026-02-21T11:55:00+00:00,2026-02-21T12:55:00+00:00
TRD,OSL,KLM,KL2921,active,2026-02-21T13:30:00+00:00,2026-02-21T14:30:00+00:00
TRD,OSL,Etihad Airways,EY4067,cancelled,2026-02-21T11:55:00+00:00,2026-02-21T12:55:00+00:00
TRD,OSL,Etihad Airways,EY4073,cancelled,2026-02-21T11:55:00+00:00,2026-02-21T12:55:00+00:00
TRD,TOS,empty,,active,2026-02-21T11:30:00+00:00,2026-02-21T13:11:00+00:00
TRD,MOL,Avincis,,landed,2026-02-21T10:20:00+00:00,2026-02-21T11:01:00+00:00
TRD,LPA,Norwegian,DY1770,landed,2026-02-21T10:35:00+00:00,2026-02-21T15:40:00+00:00
TRD,ARN,Braathens Regional,DC2474,landed,2026-02-21T10:30:00+00:00,2026-02-21T12:10:00+00:00
TRD,ARN,TAP Air Portugal,TP5582,landed,2026-02-21T10:30:00+00:00,2026-02-21T12:10:00+00:00
TRD,CPH,SAS,SK2889,scheduled,2026-02-21T10:20:00+00:00,2026-02-21T11:55:00+00:00
TRD,CPH,Air Baltic,BT6218,active,2026-02-21T10:20:00+00:00,2026-02-21T11:55:00+00:00
TRD,CPH,Air Europa,UX3291,landed,2026-02-21T10:20:00+00:00,2026-02-21T11:55:00+00:00
TRD,CPH,TAP Air Portugal,TP5584,active,2026-02-21T15:05:00+00:00,2026-02-21T16:40:00+00:00
TRD,CPH,Air France,AF4960,landed,2026-02-21T10:20:00+00:00,2026-02-21T11:55:00+00:00
TRD,OSL,SAS,SK347,landed,2026-02-21T09:15:00+00:00,2026-02-21T10:15:00+00:00
TRD,OSL,KLM,KL2919,active,2026-02-21T13:30:00+00:00,2026-02-21T14:30:00+00:00
TRD,OSL,Etihad Airways,EY4075,landed,2026-02-21T09:15:00+00:00,2026-02-21T10:15:00+00:00
TRD,BGO,Wideroe,WF1302,landed,2026-02-21T09:10:00+00:00,2026-02-21T10:20:00+00:00
TRD,BGO,Lufthansa,LH9131,landed,2026-02-21T09:10:00+00:00,2026-02-21T10:20:00+00:00
TRD,BGO,KLM,KL2765,landed,2026-02-21T09:10:00+00:00,2026-02-21T10:20:00+00:00
TRD,LPA,SAS,SK,landed,2026-02-21T07:40:00+00:00,2026-02-21T12:43:00+00:00
TRD,ALC,Norwegian,DY1728,scheduled,2026-02-21T09:05:00+00:00,2026-02-21T13:20:00+00:00
TRD,OSL,SAS,SK345,landed,2026-02-21T08:20:00+00:00,2026-02-21T09:20:00+00:00
TRD,OSL,LOT - Polish Airlines,LO5472,landed,2026-02-21T08:20:00+00:00,2026-02-21T09:20:00+00:00
TRD,OSL,Etihad Airways,EY4069,active,2026-02-21T09:15:00+00:00,2026-02-21T10:15:00+00:00
TRD,OSL,Norwegian,DY745,landed,2026-02-21T07:30:00+00:00,2026-02-21T08:30:00+00:00
TRD,OSL,SAS,SK341,landed,2026-02-21T07:00:00+00:00,2026-02-21T08:05:00+00:00
TRD,OSL,KLM,KL2917,landed,2026-02-21T07:00:00+00:00,2026-02-21T08:05:00+00:00
TRD,OSL,Air France,AF4962,landed,2026-02-21T07:00:00+00:00,2026-02-21T08:05:00+00:00
TRD,LPA,Norwegian,DY9460,landed,2026-02-21T06:30:00+00:00,2026-02-21T11:21:00+00:00
TRD,AMS,KLM,KL1150,landed,2026-02-21T06:15:00+00:00,2026-02-21T08:40:00+00:00
TRD,AMS,Kenya Airways,KQ1172,landed,2026-02-21T06:15:00+00:00,2026-02-21T08:40:00+00:00
TRD,AMS,Gol,G35696,landed,2026-02-21T06:15:00+00:00,2026-02-21T08:40:00+00:00
TRD,AMS,Delta Air Lines,DL9261,landed,2026-02-21T06:15:00+00:00,2026-02-21T08:40:00+00:00
TRD,AMS,Air France,AF8328,landed,2026-02-21T06:15:00+00:00,2026-02-21T08:40:00+00:00
TRD,CPH,Cityjet,WX2885,landed,2026-02-21T05:30:00+00:00,2026-02-21T07:15:00+00:00
TRD,CPH,Vietnam Airlines,VN2229,landed,2026-02-21T05:30:00+00:00,2026-02-21T07:15:00+00:00
TRD,CPH,Singapore Airlines,SQ2725,landed,2026-02-21T05:30:00+00:00,2026-02-21T07:15:00+00:00
TRD,CPH,Etihad Airways,EY4066,landed,2026-02-21T05:30:00+00:00,2026-02-21T07:15:00+00:00
TRD,CPH,Air Baltic,BT6178,landed,2026-02-21T05:30:00+00:00,2026-02-21T07:15:00+00:00
TRD,CPH,Air France,AF4959,landed,2026-02-21T05:30:00+00:00,2026-02-21T07:15:00+00:00
TRD,GOT,TUIfly,X39213,scheduled,2026-02-20T23:25:00+00:00,2026-02-21T00:32:00+00:00
TRD,BNN,Avincis,,,2026-02-20T17:50:00+00:00,2026-02-20T18:33:00+00:00
TRD,SSJ,Wideroe,WF738,scheduled,2026-02-20T22:05:00+00:00,2026-02-20T23:00:00+00:00
TRD,BGO,Wideroe,WF1316,landed,2026-02-20T22:00:00+00:00,2026-02-20T23:10:00+00:00
TRD,MQN,Wideroe,WF778,landed,2026-02-20T22:00:00+00:00,2026-02-20T23:05:00+00:00
TRD,MJF,Wideroe,WF758,scheduled,2026-02-20T22:00:00+00:00,2026-02-20T22:50:00+00:00
TRD,BNN,Wideroe,WF718,scheduled,2026-02-20T21:55:00+00:00,2026-02-20T22:45:00+00:00
TRD,ARN,Sunclass Airlines,DK4503,landed,2026-02-20T21:40:00+00:00,2026-02-20T22:41:00+00:00
TRD,CPH,SAS,SK2881,landed,2026-02-20T15:05:00+00:00,2026-02-20T16:40:00+00:00
TRD,OSY,Wideroe,WF796,active,2026-02-20T21:00:00+00:00,2026-02-20T21:35:00+00:00
TRD,TRF,Wideroe,WF489,landed,2026-02-20T20:55:00+00:00,2026-02-20T22:05:00+00:00
TRD,OSL,SAS,SK379,landed,2026-02-20T20:35:00+00:00,2026-02-20T21:35:00+00:00
TRD,CPH,SAS,SK2883,landed,2026-02-20T19:45:00+00:00,2026-02-20T21:20:00+00:00
TRD,AES,Wideroe,WF1388,scheduled,2026-02-20T19:35:00+00:00,2026-02-20T20:25:00+00:00
TRD,AES,KLM,KL2816,scheduled,2026-02-20T19:35:00+00:00,2026-02-20T20:25:00+00:00
TRD,OSL,Norwegian,DY773,landed,2026-02-20T19:10:00+00:00,2026-02-20T20:05:00+00:00
TRD,BGO,Wideroe,WF1306,landed,2026-02-20T12:20:00+00:00,2026-02-20T13:30:00+00:00
TRD,MMX,NetJets Aviation,1I,scheduled,2026-02-20T14:00:00+00:00,2026-02-20T15:29:00+00:00
TRD,BOO,Wideroe,WF1315,landed,2026-02-20T18:40:00+00:00,2026-02-20T19:45:00+00:00
TRD,BOO,KLM,KL2768,landed,2026-02-20T18:40:00+00:00,2026-02-20T19:45:00+00:00
TRD,BGO,Wideroe,WF1312,landed,2026-02-20T18:40:00+00:00,2026-02-20T19:50:00+00:00
TRD,SVG,SAS,SK4487,landed,2026-02-20T18:35:00+00:00,2026-02-20T19:50:00+00:00
TRD,OSL,SAS,SK377,landed,2026-02-20T18:35:00+00:00,2026-02-20T19:35:00+00:00
TRD,BGO,SAS,SK4187,landed,2026-02-20T18:30:00+00:00,2026-02-20T19:35:00+00:00
TRD,OSL,SAS,SK375,landed,2026-02-20T17:50:00+00:00,2026-02-20T18:50:00+00:00
TRD,OSL,LOT - Polish Airlines,LO5470,landed,2026-02-20T17:50:00+00:00,2026-02-20T18:50:00+00:00
TOS,ALF,Avincis,,active,2026-02-21T19:55:00+00:00,2026-02-21T20:36:00+00:00
TOS,ARN,SAS,SK1491,scheduled,2026-02-21T20:50:00+00:00,2026-02-21T22:55:00+00:00
TOS,ARN,TAP Air Portugal,TP5576,scheduled,2026-02-21T20:50:00+00:00,2026-02-21T22:55:00+00:00
TOS,ARN,KLM,KL8635,scheduled,2026-02-21T20:50:00+00:00,2026-02-21T22:55:00+00:00
TOS,LTN,Wizz Air,W65422,scheduled,2026-02-21T20:00:00+00:00,2026-02-21T22:55:00+00:00
TOS,STR,Eurowings,EW2795,active,2026-02-21T19:45:00+00:00,2026-02-21T23:20:00+00:00
TOS,MAN,easyJet,U22292,active,2026-02-21T19:30:00+00:00,2026-02-21T22:05:00+00:00
TOS,OSL,SAS,SK4431,active,2026-02-21T19:20:00+00:00,2026-02-21T21:25:00+00:00
TOS,CPH,SAS,SK4455,active,2026-02-21T19:00:00+00:00,2026-02-21T21:40:00+00:00
TOS,DUS,Eurowings,EW9251,scheduled,2026-02-21T18:50:00+00:00,2026-02-21T22:15:00+00:00
TOS,MXP,easyJet,U23976,active,2026-02-21T18:25:00+00:00,2026-02-21T22:50:00+00:00
TOS,KKN,Avincis,,,2026-02-21T14:05:00+00:00,2026-02-21T15:18:00+00:00
TOS,MQN,Avincis,,scheduled,2026-02-21T12:30:00+00:00,2026-02-21T13:40:00+00:00
TOS,HFT,Avincis,,scheduled,2026-02-21T14:15:00+00:00,2026-02-21T15:00:00+00:00
TOS,BCN,Vueling,VY8541,active,2026-02-21T18:05:00+00:00,2026-02-21T23:00:00+00:00
TOS,BCN,Miami Air International,LL5706,active,2026-02-21T18:05:00+00:00,2026-02-21T23:00:00+00:00
TOS,OSL,SAS,SK4425,active,2026-02-21T17:30:00+00:00,2026-02-21T19:35:00+00:00
TOS,SVJ,Wideroe,WF835,active,2026-02-21T17:25:00+00:00,2026-02-21T18:20:00+00:00
TOS,SVJ,Lufthansa,LH9062,active,2026-02-21T17:25:00+00:00,2026-02-21T18:20:00+00:00
TOS,SVJ,Finnair,AY2678,active,2026-02-21T17:25:00+00:00,2026-02-21T18:20:00+00:00
TOS,ALF,Wideroe,WF934,active,2026-02-21T16:00:00+00:00,2026-02-21T16:40:00+00:00
TOS,ALF,Lufthansa,LH9110,active,2026-02-21T16:00:00+00:00,2026-02-21T16:40:00+00:00
TOS,ALF,Finnair,AY2922,active,2026-02-21T16:00:00+00:00,2026-02-21T16:40:00+00:00
TOS,FRA,Lufthansa,LH879,active,2026-02-21T15:45:00+00:00,2026-02-21T19:25:00+00:00
TOS,LKL,Wideroe,WF984,active,2026-02-21T15:00:00+00:00,2026-02-21T15:50:00+00:00
TOS,VIE,Austrian,OS984,active,2026-02-21T15:00:00+00:00,2026-02-21T18:35:00+00:00
TOS,CDG,Air France,AF1221,active,2026-02-21T14:50:00+00:00,2026-02-21T18:55:00+00:00
TOS,CDG,KLM,KL2113,active,2026-02-21T14:50:00+00:00,2026-02-21T18:55:00+00:00
TOS,CDG,Delta Air Lines,DL8614,active,2026-02-21T14:50:00+00:00,2026-02-21T18:55:00+00:00
TOS,BGO,Wideroe,WF625,active,2026-02-21T14:15:00+00:00,2026-02-21T16:25:00+00:00
TOS,BGO,KLM,KL2809,active,2026-02-21T14:15:00+00:00,2026-02-21T16:25:00+00:00
TOS,BGO,Finnair,AY2742,active,2026-02-21T14:15:00+00:00,2026-02-21T16:25:00+00:00
TOS,LKN,Wideroe,WF817,active,2026-02-21T14:10:00+00:00,2026-02-21T15:10:00+00:00
TOS,LKN,Lufthansa,LH9058,active,2026-02-21T14:10:00+00:00,2026-02-21T15:10:00+00:00
TOS,LKN,Finnair,AY2697,active,2026-02-21T14:10:00+00:00,2026-02-21T15:10:00+00:00
TOS,OSL,SAS,SK4417,active,2026-02-21T13:55:00+00:00,2026-02-21T16:00:00+00:00
TOS,OSL,KLM,KL2953,active,2026-02-21T13:55:00+00:00,2026-02-21T16:00:00+00:00
TOS,OSL,Air France,AF4956,active,2026-02-21T13:55:00+00:00,2026-02-21T16:00:00+00:00
TOS,HFT,Wideroe,WF912,landed,2026-02-21T13:40:00+00:00,2026-02-21T14:25:00+00:00
TOS,HFT,Lufthansa,LH9136,landed,2026-02-21T13:40:00+00:00,2026-02-21T14:25:00+00:00
TOS,HFT,Finnair,AY2656,landed,2026-02-21T13:40:00+00:00,2026-02-21T14:25:00+00:00
TOS,LHR,British Airways,BA613,active,2026-02-21T13:30:00+00:00,2026-02-21T16:35:00+00:00
TOS,BOO,Wideroe,WF1329,landed,2026-02-21T13:25:00+00:00,2026-02-21T14:20:00+00:00
TOS,BOO,Finnair,AY2660,landed,2026-02-21T13:25:00+00:00,2026-02-21T14:20:00+00:00
TOS,BOO,Lufthansa,LH9104,landed,2026-02-21T13:25:00+00:00,2026-02-21T14:20:00+00:00
TOS,BOO,Finnair,AY2917,landed,2026-02-21T13:25:00+00:00,2026-02-21T14:20:00+00:00
TOS,MUC,Lufthansa,LH2451,active,2026-02-21T13:20:00+00:00,2026-02-21T17:05:00+00:00
TOS,SKN,Wideroe,WF853,active,2026-02-21T13:00:00+00:00,2026-02-21T13:45:00+00:00
TOS,MAN,Norwegian,DY1328,active,2026-02-21T13:00:00+00:00,2026-02-21T15:25:00+00:00
TOS,ORY,Transavia,HV7981,active,2026-02-21T12:50:00+00:00,2026-02-21T16:55:00+00:00
TOS,LYR,SAS,SK4414,active,2026-02-21T12:15:00+00:00,2026-02-21T14:05:00+00:00
TOS,LYR,KLM,KL8632,active,2026-02-21T12:15:00+00:00,2026-02-21T14:05:00+00:00
TOS,CPH,SAS,SK4451,active,2026-02-21T11:55:00+00:00,2026-02-21T14:35:00+00:00
TOS,CPH,TAP Air Portugal,TP5575,active,2026-02-21T11:55:00+00:00,2026-02-21T14:35:00+00:00
TOS,CPH,KLM,KL8619,active,2026-02-21T11:55:00+00:00,2026-02-21T14:35:00+00:00
TOS,CPH,Air France,AF4932,active,2026-02-21T11:55:00+00:00,2026-02-21T14:35:00+00:00
TOS,ZRH,Edelweiss Air,WK319,active,2026-02-21T11:05:00+00:00,2026-02-21T15:00:00+00:00
TOS,ZRH,SWISS,LX8319,active,2026-02-21T11:05:00+00:00,2026-02-21T15:00:00+00:00
TOS,ZRH,Lufthansa,LH4469,active,2026-02-21T11:05:00+00:00,2026-02-21T15:00:00+00:00
TOS,OSL,SAS,SK4411,landed,2026-02-21T10:40:00+00:00,2026-02-21T12:45:00+00:00
TOS,OSL,Air Baltic,BT6164,active,2026-02-21T10:40:00+00:00,2026-02-21T12:45:00+00:00
TOS,KKN,Wideroe,WF994,landed,2026-02-21T10:15:00+00:00,2026-02-21T11:30:00+00:00
TOS,RVN,Finnair,AY542,landed,2026-02-21T10:10:00+00:00,2026-02-21T12:20:00+00:00
TOS,EVE,Wideroe,WF873,landed,2026-02-21T10:20:00+00:00,2026-02-21T11:00:00+00:00
TOS,BGY,Norwegian,DY1844,landed,2026-02-21T10:00:00+00:00,2026-02-21T13:55:00+00:00
TOS,HEL,Finnair,AY936,landed,2026-02-21T09:00:00+00:00,2026-02-21T11:50:00+00:00
TOS,HEL,AlphaSky,AS7654,active,2026-02-21T09:00:00+00:00,2026-02-21T11:50:00+00:00
TOS,HEL,Qatar Airways,QR6795,landed,2026-02-21T09:00:00+00:00,2026-02-21T11:50:00+00:00
TOS,HEL,Japan Airlines,JL9398,landed,2026-02-21T09:00:00+00:00,2026-02-21T11:50:00+00:00
TOS,OSL,Norwegian,DY371,landed,2026-02-21T08:15:00+00:00,2026-02-21T10:15:00+00:00
TOS,BGO,Wideroe,WF621,landed,2026-02-21T07:45:00+00:00,2026-02-21T09:55:00+00:00
TOS,BGO,Lufthansa,LH9127,landed,2026-02-21T07:45:00+00:00,2026-02-21T09:55:00+00:00
TOS,BGO,KLM,KL2795,landed,2026-02-21T07:45:00+00:00,2026-02-21T09:55:00+00:00
TOS,BGO,Finnair,AY2916,landed,2026-02-21T07:45:00+00:00,2026-02-21T09:55:00+00:00
TOS,LPA,Norwegian,DY,scheduled,2026-02-21T07:35:00+00:00,2026-02-21T13:20:00+00:00
TOS,OSL,SAS,SK4405,landed,2026-02-21T07:30:00+00:00,2026-02-21T09:40:00+00:00
TOS,OSL,LOT - Polish Airlines,LO5468,landed,2026-02-21T07:30:00+00:00,2026-02-21T09:40:00+00:00
TOS,OSL,KLM,KL2949,landed,2026-02-21T07:30:00+00:00,2026-02-21T09:40:00+00:00
TOS,OSL,SAS,SK4403,landed,2026-02-21T06:00:00+00:00,2026-02-21T08:10:00+00:00
TOS,OSL,TAP Air Portugal,TP5580,active,2026-02-21T13:55:00+00:00,2026-02-21T16:00:00+00:00
TOS,OSL,KLM,KL2947,landed,2026-02-21T06:00:00+00:00,2026-02-21T08:10:00+00:00
TOS,OSL,Air France,AF4957,landed,2026-02-21T06:00:00+00:00,2026-02-21T08:10:00+00:00
TOS,RET,Avincis,,landed,2026-02-20T23:10:00+00:00,2026-02-21T00:08:00+00:00
TOS,SKN,Wideroe,WF855,landed,2026-02-20T17:20:00+00:00,2026-02-20T18:05:00+00:00
TOS,LKL,Wideroe,WF988,active,2026-02-20T22:55:00+00:00,2026-02-20T23:45:00+00:00
TOS,HFT,Wideroe,WF918,landed,2026-02-20T22:55:00+00:00,2026-02-20T23:40:00+00:00
TOS,KKN,Wideroe,WF998,landed,2026-02-20T21:25:00+00:00,2026-02-20T22:30:00+00:00
TOS,HFT,Wideroe,WF938,landed,2026-02-20T21:15:00+00:00,2026-02-20T22:00:00+00:00
TOS,BOO,Avincis,,scheduled,2026-02-20T17:00:00+00:00,2026-02-20T18:01:00+00:00
TOS,LTN,Wizz Air,W65422,landed,2026-02-20T21:05:00+00:00,2026-02-20T23:55:00+00:00
TOS,ALF,Wideroe,WF928,scheduled,2026-02-20T20:50:00+00:00,2026-02-20T21:30:00+00:00
TOS,ALF,Finnair,AY2659,scheduled,2026-02-20T20:50:00+00:00,2026-02-20T21:30:00+00:00
TOS,CPH,SAS,SK4455,landed,2026-02-20T20:15:00+00:00,2026-02-20T22:55:00+00:00
TOS,CPH,TAP Air Portugal,TP5503,landed,2026-02-20T20:15:00+00:00,2026-02-20T22:55:00+00:00
TOS,OSL,SAS,SK4431,landed,2026-02-20T20:10:00+00:00,2026-02-20T22:10:00+00:00
TOS,LGW,easyJet,U26448,landed,2026-02-20T13:30:00+00:00,2026-02-20T16:30:00+00:00
TOS,HFT,Wideroe,WF978,landed,2026-02-20T19:50:00+00:00,2026-02-20T20:35:00+00:00
TOS,HFT,Finnair,AY2688,landed,2026-02-20T19:50:00+00:00,2026-02-20T20:35:00+00:00
TOS,SOJ,Wideroe,WF966,landed,2026-02-20T19:35:00+00:00,2026-02-20T20:05:00+00:00
TOS,GDN,Wizz Air,W61772,landed,2026-02-20T19:35:00+00:00,2026-02-20T22:30:00+00:00
BOO,SSJ,Avincis,,active,2026-02-21T15:50:00+00:00,2026-02-21T16:25:00+00:00
BOO,SKN,Avincis,,active,2026-02-21T19:15:00+00:00,2026-02-21T19:47:00+00:00
BOO,LKN,Wideroe,WF812,active,2026-02-21T16:05:00+00:00,2026-02-21T16:35:00+00:00
BOO,OSL,SAS,SK4113,active,2026-02-21T15:40:00+00:00,2026-02-21T17:15:00+00:00
BOO,OSL,Etihad Airways,EY3926,active,2026-02-21T15:40:00+00:00,2026-02-21T17:15:00+00:00
BOO,OSL,Air France,AF4555,active,2026-02-21T15:40:00+00:00,2026-02-21T17:15:00+00:00
BOO,OSL,TAP Air Portugal,TP5567,active,2026-02-21T15:40:00+00:00,2026-02-21T17:15:00+00:00
BOO,TOS,Wideroe,WF1332,active,2026-02-21T15:20:00+00:00,2026-02-21T16:15:00+00:00
BOO,TOS,Finnair,AY2670,active,2026-02-21T15:20:00+00:00,2026-02-21T16:15:00+00:00
BOO,EVE,Wideroe,WF874,active,2026-02-21T12:50:00+00:00,2026-02-21T13:30:00+00:00
BOO,SVJ,Wideroe,WF826,active,2026-02-21T12:45:00+00:00,2026-02-21T13:15:00+00:00
BOO,MQN,Wideroe,WF767,landed,2026-02-21T12:45:00+00:00,2026-02-21T13:20:00+00:00
BOO,BNN,Wideroe,WF707,active,2026-02-21T12:35:00+00:00,2026-02-21T13:20:00+00:00
BOO,OSL,Norwegian,DY345,active,2026-02-21T12:20:00+00:00,2026-02-21T13:50:00+00:00
BOO,SVJ,Wideroe,WF824,landed,2026-02-21T10:55:00+00:00,2026-02-21T11:25:00+00:00
BOO,LKN,Wideroe,WF804,landed,2026-02-21T10:55:00+00:00,2026-02-21T11:25:00+00:00
BOO,OSL,SAS,SK4107,landed,2026-02-21T10:45:00+00:00,2026-02-21T12:20:00+00:00
BOO,OSL,KLM,KL8581,landed,2026-02-21T10:45:00+00:00,2026-02-21T12:20:00+00:00
BOO,OSL,Etihad Airways,EY3924,landed,2026-02-21T10:45:00+00:00,2026-02-21T12:20:00+00:00
BOO,SKN,Wideroe,WF846,landed,2026-02-21T10:35:00+00:00,2026-02-21T11:10:00+00:00
BOO,SVJ,Wideroe,WF4834,landed,2026-02-21T10:35:00+00:00,2026-02-21T11:08:00+00:00
BOO,VRY,Lufttransport,,active,2026-02-21T08:30:00+00:00,2026-02-21T08:55:00+00:00
BOO,OSL,Norwegian,DY341,landed,2026-02-21T08:15:00+00:00,2026-02-21T09:45:00+00:00
BOO,RET,Wideroe,WF892,landed,2026-02-21T08:10:00+00:00,2026-02-21T08:40:00+00:00
BOO,TRD,Wideroe,WF1302,landed,2026-02-21T07:30:00+00:00,2026-02-21T08:40:00+00:00
BOO,TRD,KLM,KL2765,landed,2026-02-21T07:30:00+00:00,2026-02-21T08:40:00+00:00
BOO,OSL,SAS,SK4105,landed,2026-02-21T06:45:00+00:00,2026-02-21T08:25:00+00:00
BOO,OSL,LOT - Polish Airlines,LO5412,landed,2026-02-21T06:45:00+00:00,2026-02-21T08:25:00+00:00
BOO,OSL,KLM,KL8583,active,2026-02-21T15:40:00+00:00,2026-02-21T17:15:00+00:00
BOO,OSL,Etihad Airways,EY3978,landed,2026-02-21T06:45:00+00:00,2026-02-21T08:25:00+00:00
BOO,BNN,empty,,scheduled,2026-02-21T01:20:00+00:00,2026-02-21T02:03:00+00:00
BOO,BNN,Avincis,,active,2026-02-21T17:40:00+00:00,2026-02-21T18:22:00+00:00
BOO,LKN,Avincis,,active,2026-02-20T23:30:00+00:00,2026-02-20T23:57:00+00:00
BOO,LKN,Wideroe,WF818,landed,2026-02-20T22:55:00+00:00,2026-02-20T23:25:00+00:00
BOO,SSJ,Wideroe,WF729,scheduled,2026-02-20T14:45:00+00:00,2026-02-20T15:25:00+00:00
BOO,LKN,Wideroe,WF896,active,2026-02-20T20:25:00+00:00,2026-02-20T20:55:00+00:00
BOO,SKN,Wideroe,WF856,scheduled,2026-02-20T20:25:00+00:00,2026-02-20T21:00:00+00:00
BOO,SVJ,Wideroe,WF836,active,2026-02-20T20:25:00+00:00,2026-02-20T20:55:00+00:00
BOO,EVE,Wideroe,WF868,scheduled,2026-02-20T20:20:00+00:00,2026-02-20T21:00:00+00:00
BOO,OSL,SAS,SK4123,landed,2026-02-20T19:45:00+00:00,2026-02-20T21:20:00+00:00
BOO,SSJ,Wideroe,WF735,scheduled,2026-02-20T19:35:00+00:00,2026-02-20T20:15:00+00:00
BOO,BNN,Wideroe,WF715,scheduled,2026-02-20T19:35:00+00:00,2026-02-20T20:20:00+00:00
BOO,OSL,Norwegian,DY355,scheduled,2026-02-20T19:35:00+00:00,2026-02-20T21:05:00+00:00
BOO,TOS,Wideroe,WF1336,landed,2026-02-20T19:30:00+00:00,2026-02-20T20:25:00+00:00
BOO,MQN,Wideroe,WF775,scheduled,2026-02-20T19:30:00+00:00,2026-02-20T20:05:00+00:00
BOO,MJF,Wideroe,WF755,scheduled,2026-02-20T19:30:00+00:00,2026-02-20T20:15:00+00:00
BOO,TRD,SAS,SK4581,landed,2026-02-20T19:25:00+00:00,2026-02-20T20:30:00+00:00
BOO,BNN,Wideroe,WF707,active,2026-02-20T12:35:00+00:00,2026-02-20T13:20:00+00:00
BOO,TOS,Avincis,,,2026-02-20T13:45:00+00:00,2026-02-20T14:44:00+00:00
BOO,OSL,SAS,SK4117,scheduled,2026-02-20T17:45:00+00:00,2026-02-20T19:20:00+00:00
BOO,SVJ,Wideroe,WF834,,2026-02-20T17:45:00+00:00,2026-02-20T18:15:00+00:00
BOO,LKN,Wideroe,WF814,scheduled,2026-02-20T17:45:00+00:00,2026-02-20T18:15:00+00:00
BOO,OSL,Norwegian,DY347,scheduled,2026-02-20T17:35:00+00:00,2026-02-20T19:05:00+00:00
BOO,TRD,Wideroe,WF1312,landed,2026-02-20T17:00:00+00:00,2026-02-20T18:10:00+00:00
BOO,SKN,Wideroe,WF852,active,2026-02-20T17:00:00+00:00,2026-02-20T17:35:00+00:00
BOO,VRY,Lufttransport,,active,2026-02-20T16:30:00+00:00,2026-02-20T16:55:00+00:00
BOO,LPA,Norwegian,DY,landed,2026-02-20T16:20:00+00:00,2026-02-20T21:51:00+00:00
BOO,TOS,SAS,SK4572,landed,2026-02-20T16:20:00+00:00,2026-02-20T17:15:00+00:00
BOO,SVJ,Wideroe,WF832,active,2026-02-20T16:05:00+00:00,2026-02-20T16:35:00+00:00
BOO,LKN,Wideroe,WF812,active,2026-02-20T16:05:00+00:00,2026-02-20T16:35:00+00:00
BOO,TOS,Wideroe,WF1332,landed,2026-02-20T15:20:00+00:00,2026-02-20T16:15:00+00:00
BOO,TOS,Finnair,AY2670,landed,2026-02-20T15:20:00+00:00,2026-02-20T16:15:00+00:00
BOO,VRY,Lufttransport,,active,2026-02-20T08:30:00+00:00,2026-02-20T08:55:00+00:00
BOO,SKN,Wideroe,WF844,active,2026-02-20T08:15:00+00:00,2026-02-20T08:50:00+00:00
BOO,OSL,SAS,SK4113,landed,2026-02-20T15:05:00+00:00,2026-02-20T16:40:00+00:00
BOO,OSL,TAP Air Portugal,TP5567,active,2026-02-20T15:05:00+00:00,2026-02-20T16:40:00+00:00
BOO,OSL,LOT - Polish Airlines,LO5410,landed,2026-02-20T15:05:00+00:00,2026-02-20T16:40:00+00:00
BOO,OSL,Air France,AF4555,landed,2026-02-20T15:05:00+00:00,2026-02-20T16:40:00+00:00
BOO,SKN,Wideroe,WF850,landed,2026-02-20T14:50:00+00:00,2026-02-20T15:25:00+00:00
BOO,MQN,Wideroe,WF769,landed,2026-02-20T14:45:00+00:00,2026-02-20T15:20:00+00:00
BOO,SSJ,Wideroe,WF729,scheduled,2026-02-20T14:45:00+00:00,2026-02-20T15:25:00+00:00
BOO,SSJ,Avincis,,scheduled,2026-02-20T20:15:00+00:00,2026-02-20T21:05:00+00:00
BOO,EVE,Wideroe,WF866,landed,2026-02-20T13:40:00+00:00,2026-02-20T14:20:00+00:00
BOO,TRD,SAS,SK4561,landed,2026-02-20T13:10:00+00:00,2026-02-20T14:15:00+00:00
BOO,TRD,KLM,KL8617,landed,2026-02-20T13:10:00+00:00,2026-02-20T14:15:00+00:00
BOO,LKN,Wideroe,WF802,landed,2026-02-20T06:35:00+00:00,2026-02-20T07:05:00+00:00
BOO,SKN,Wideroe,WF842,landed,2026-02-20T06:15:00+00:00,2026-02-20T06:50:00+00:00
BOO,BNN,Wideroe,WF707,active,2026-02-20T12:35:00+00:00,2026-02-20T13:20:00+00:00
BOO,MJF,Wideroe,WF745,scheduled,2026-02-20T11:00:00+00:00,2026-02-20T11:45:00+00:00
BOO,SVJ,Wideroe,WF824,landed,2026-02-20T10:55:00+00:00,2026-02-20T11:25:00+00:00
BOO,LKN,Wideroe,WF804,landed,2026-02-20T10:55:00+00:00,2026-02-20T11:25:00+00:00
BOO,MQN,Wideroe,WF765,scheduled,2026-02-20T10:55:00+00:00,2026-02-20T11:30:00+00:00
BOO,TRD,Wideroe,WF1306,landed,2026-02-20T10:40:00+00:00,2026-02-20T11:50:00+00:00
BOO,TRD,KLM,KL2767,landed,2026-02-20T10:40:00+00:00,2026-02-20T11:50:00+00:00
BOO,TRD,Finnair,AY2871,landed,2026-02-20T10:40:00+00:00,2026-02-20T11:50:00+00:00
BOO,OSL,SAS,SK4107,landed,2026-02-20T10:40:00+00:00,2026-02-20T12:15:00+00:00
BOO,OSL,TAP Air Portugal,TP5569,landed,2026-02-20T10:40:00+00:00,2026-02-20T12:15:00+00:00
BOO,OSL,KLM,KL8401,landed,2026-02-20T10:40:00+00:00,2026-02-20T12:15:00+00:00
BOO,OSL,Etihad Airways,EY3924,landed,2026-02-20T10:40:00+00:00,2026-02-20T12:15:00+00:00
BOO,OSL,Air France,AF4554,landed,2026-02-20T10:40:00+00:00,2026-02-20T12:15:00+00:00
BOO,OSL,Norwegian,DY345,landed,2026-02-20T10:35:00+00:00,2026-02-20T12:05:00+00:00
BOO,TOS,Wideroe,WF1326,landed,2026-02-20T10:25:00+00:00,2026-02-20T11:25:00+00:00
BOO,TOS,SAS,SK4552,landed,2026-02-20T10:05:00+00:00,2026-02-20T11:00:00+00:00
BOO,BNN,Wideroe,WF9208,landed,2026-02-20T05:30:00+00:00,2026-02-20T06:32:00+00:00
BOO,RVN,Finland - Air Force,,landed,2026-02-20T08:40:00+00:00,2026-02-20T10:53:00+00:00
BOO,VRY,Lufttransport,,active,2026-02-20T08:30:00+00:00,2026-02-20T08:55:00+00:00
BOO,RET,Wideroe,WF892,active,2026-02-20T08:10:00+00:00,2026-02-20T08:40:00+00:00
BOO,SKN,Wideroe,WF844,active,2026-02-20T08:15:00+00:00,2026-02-20T08:50:00+00:00
BOO,TRD,Wideroe,WF1302,landed,2026-02-20T07:30:00+00:00,2026-02-20T08:40:00+00:00
BOO,TRD,KLM,KL2765,landed,2026-02-20T07:30:00+00:00,2026-02-20T08:40:00+00:00
